<?xml version="1.0" encoding="UTF-8"?>
<Configuration status="OFF">
	<Properties>
		<Property name="log-path">${sys:logFilePath}</Property>
	</Properties>
	<Appenders>
		<RollingFile name="RollingFile" fileName="${log-path}/WebSocketNavigation.log"
			filePattern="${log-path}/WebSocketNavigation-%i.log">
			<PatternLayout>
				<Pattern>%d [%t] %p %c{1}:%L - %m%n</Pattern>
			</PatternLayout>
			<Policies>
				<SizeBasedTriggeringPolicy size="100 MB" />
			</Policies>
			<DefaultRolloverStrategy max="20" />
		</RollingFile>
		<Console name="Console" target="SYSTEM_OUT">
			<PatternLayout pattern="%d [%t] %p %c{1}:%L - %m%n" />
		</Console>
	</Appenders>
	<Loggers>
		<Logger name="root" level="info" additivity="false">
			<appender-ref ref="RollingFile" level="info" />
		</Logger>
		<!-- <Logger name="root" level="debug" additivity="false">
			<appender-ref ref="Console" level="debug" />
		</Logger> -->
		<Root level="info" additivity="false">
			<AppenderRef ref="RollingFile" />
			<!-- <AppenderRef ref="Console" /> -->
		</Root>
	</Loggers>
</Configuration>
